{"cameraMode":{"drawMode":2,"name":"Shaded Wireframe","section":"Shading Mode"},"sceneLighting":true,"audioPlay":false,"sceneViewState":{"showFog":true,"showMaterialUpdate":false,"showSkybox":true,"showFlares":true,"showImageEffects":true,"showParticleSystems":true},"in2DMode":false,"pivot":{"x":0.1182851791381836,"y":5.917050361633301,"z":0.07633352279663086},"rotation":{"x":-0.2501213252544403,"y":-0.3235571086406708,"z":0.08941866457462311,"w":-0.9083290100097656},"size":14.42441177368164,"orthographic":false}